run,member,arrivalOrder,oracleRank,elapsedMs,decodeMs,searchMs,labelsCreated,iterations,durationS
1,0,0,,6447,104.3,5783.8,106814,12,44340
1,1,8,9,11097.9,80,10988.2,117138,12,44276
1,2,19,20,10302,160.2,10113,109058,12,44300
1,3,18,22,8137.2,257.7,7812.8,110414,12,44284
1,4,4,0,13235.3,75.8,13100.7,137711,13,47634
1,5,14,12,11510.7,258,11172.8,116142,12,44255
1,6,13,13,10779.4,263.4,10436,126809,12,44476
1,7,9,10,10136.8,178.8,9886.6,103910,12,44194
1,8,27,28,9157,263.7,8866.2,118789,12,44111
1,9,15,15,10465.2,127,10253.2,112579,12,44537
1,10,11,11,11055,154.1,10877.6,110884,12,44265
1,11,7,6,12798.8,132.9,12544.7,112008,13,47589
1,12,24,24,9904.4,246.8,9620.1,115411,12,44356
1,13,21,23,8884.2,163.8,8692,106469,12,44294
1,14,5,4,13735.2,262.8,13389.6,113865,12,44236
1,15,2,1,11491.8,160.9,11201.2,105828,12,44199
1,16,26,25,10108,56,10030,118629,12,44305
1,17,16,17,9538.5,280.7,9194.2,104542,12,44212
1,18,25,26,9104.5,230,8853,111242,12,44297
1,19,28,27,9544.5,65.5,9451.9,117289,12,44156
1,20,6,8,10617.1,248.2,10294,115326,13,47804
1,21,23,19,14536.9,165.5,14313.8,125045,13,47899
1,22,1,3,11349.9,228,11057.4,104802,12,44135
1,23,22,21,11205.2,113.4,11058.2,106340,12,44261
1,24,17,16,11670.3,253.3,11387.2,119468,12,44296
1,25,3,5,11514.2,252.2,11138,111068,12,44251
1,26,12,14,9042.4,84.1,8895.1,104866,12,44143
1,27,20,18,13059.1,186.3,12746.1,120574,12,44360
1,28,0,2,9358.9,76.7,9210.5,111228,12,44138
1,29,10,7,12907.4,154.5,12697.3,125610,13,47804
2,0,0,,5184.5,84.8,4724.3,106814,12,44340
2,1,6,9,9038.3,177.4,8816.5,117138,12,44276
2,2,23,20,11662.5,297,11327.2,109058,12,44300
2,3,20,22,9183.3,179.1,8975.2,110414,12,44284
2,4,4,0,14285.1,270.1,13968.3,137711,13,47634
2,5,12,12,10232.4,224.1,9939.1,116142,12,44255
2,6,13,13,12047.6,118.4,11820.9,126809,12,44476
2,7,11,10,13219.5,268.8,12891,103910,12,44194
2,8,27,28,8166.3,147.5,7983.7,118789,12,44111
2,9,17,15,11412.2,244,11081.4,112579,12,44537
2,10,9,11,9912.1,306.1,9578.3,110884,12,44265
2,11,7,6,11933.3,351.2,11558.5,112008,13,47589
2,12,25,24,10150.4,227.5,9885.3,115411,12,44356
2,13,21,23,10512.4,181.4,10311.1,106469,12,44294
2,14,0,4,10458.8,122.6,10302.5,113865,12,44236
2,15,3,1,12505,56.6,12426.1,105828,12,44199
2,16,26,25,10042.3,148.3,9829.3,118629,12,44305
2,17,14,17,8319.1,122.6,8081.1,104542,12,44212
2,18,24,26,8677.7,135.3,8490,111242,12,44297
2,19,28,27,9362.7,210.3,9123.4,117289,12,44156
2,20,10,8,13952.8,335.5,13570.1,115326,13,47804
2,21,19,19,10684,219.6,10389.3,125045,13,47899
2,22,1,3,10645.6,118.8,10482.9,104802,12,44135
2,23,22,21,11546.7,252.8,11225.3,106340,12,44261
2,24,16,16,10224.7,134.3,10020,119468,12,44296
2,25,5,5,15385.5,190.2,15160.8,111068,12,44251
2,26,15,14,11249.9,100.2,11000.6,104866,12,44143
2,27,18,18,12794.6,251,12462.3,120574,12,44360
2,28,2,2,12267,280.9,11921.3,111228,12,44138
2,29,8,7,13966.7,126.2,13806.6,125610,13,47804
3,0,0,,5352.5,129.7,4641.5,106814,12,44340
3,1,7,9,10236,275.6,9923.8,117138,12,44276
3,2,21,20,13822.3,214.5,13566,109058,12,44300
3,3,22,22,10516.3,163.2,10282.8,110414,12,44284
3,4,5,0,14927.3,220.8,14645.8,137711,13,47634
3,5,13,12,11434.5,132.8,11206,116142,12,44255
3,6,12,13,9858.8,172.6,9658.9,126809,12,44476
3,7,10,10,11021.5,275.5,10685.1,103910,12,44194
3,8,27,28,7639.3,206.4,7394.9,118789,12,44111
3,9,15,15,10745.1,305.1,10397.8,112579,12,44537
3,10,11,11,13426.9,206.8,13196.8,110884,12,44265
3,11,6,6,11971.2,257.9,11663.4,112008,13,47589
3,12,24,24,10115.4,200.4,9887.7,115411,12,44356
3,13,23,23,12164.5,245.5,11897.8,106469,12,44294
3,14,4,4,14103,268.6,13757.6,113865,12,44236
3,15,0,1,9406.6,72.2,9309.3,105828,12,44199
3,16,25,25,10523.4,290.4,10186.8,118629,12,44305
3,17,16,17,9201.2,158.8,9018,104542,12,44212
3,18,26,26,10349.6,250.2,10039.1,111242,12,44297
3,19,28,27,9418.5,284.7,9099.3,117289,12,44156
3,20,9,8,11361.8,166,11162,115326,13,47804
3,21,19,19,10996.2,156.2,10812.5,125045,13,47899
3,22,3,3,12079.1,73.6,11959.2,104802,12,44135
3,23,20,21,10525.2,158.6,10309.4,106340,12,44261
3,24,17,16,13611.9,240.7,13345.5,119468,12,44296
3,25,1,5,11001.6,144.5,10818.1,111068,12,44251
3,26,14,14,10427.8,97.4,10268.6,104866,12,44143
3,27,18,18,9313.6,248.3,8977.7,120574,12,44360
3,28,2,2,11644.2,244.3,11335.3,111228,12,44138
3,29,8,7,11515.7,301.8,11171.2,125610,13,47804
